{"schemaVersion":"1.0","appDefinitionTemplate":{"id":"/providers/Microsoft.PowerApps/apps/","type":"Microsoft.PowerApps/apps","tags":{"primaryDeviceWidth":"1366","primaryDeviceHeight":"768","sienaVersion":"20220326T010615Z-3.22022.23.0","deviceCapabilities":"","supportsPortrait":"false","supportsLandscape":"true","primaryFormFactor":"Tablet","publisherVersion":"3.22022.23","minimumRequiredApiVersion":"2.2.0","hasComponent":"true","hasUnlockedComponent":"true","isUnifiedRootApp":"false"},"properties":{"appVersion":"2022-03-26T01:06:15Z","lifeCycleId":"Published","createdByClientVersion":{"major":3,"minor":22022,"build":23,"revision":0,"majorRevision":0,"minorRevision":0},"minClientVersion":{"major":3,"minor":22022,"build":23,"revision":0,"majorRevision":0,"minorRevision":0},"backgroundColor":"RGBA(0,176,240,1)","backgroundImageUri":"/11825889069245602224/Na8ce1a08-df9c-4df9-8163-2457280df5c8-logoSmallFile","displayName":"SQL-project","description":"","commitMessage":"","appUris":{"documentUri":{"value":"/11825889069245602224/N3c96661c-e29f-4640-af29-0152c6c9bf5c-document.msapp"},"imageUris":[]},"createdTime":"0001-01-01T00:00:00Z","lastModifiedTime":"0001-01-01T00:00:00Z","sharedGroupsCount":0,"sharedUsersCount":0,"icons":{"smallIconUri":"/11825889069245602224/N98f948ad-93dc-497c-b86b-c82b3b3fc0d7-small.png","mediumIconUri":"/11825889069245602224/N23e3b881-a80f-41dc-9704-f29e1c24e58b-medium.png","largeIconUri":"/11825889069245602224/Na9df39ee-d73c-447b-8510-2fb8e75567ee-large.png","wideIconUri":"/11825889069245602224/N0e9517bb-7bea-47fc-af3d-1ff373e56e5b-wide.png"},"connectionReferences":{"ad6ac8b4-1670-4e02-a2ea-7b8124ed2bae":{"id":"b5969c15-34a3-4551-8ebe-daaf5de873cd","xrmConnectionReferenceLogicalName":"crf76_sharedsql_71661","displayName":"SQL Server","iconUri":"https://connectoricons-prod.azureedge.net/releases/v1.0.1555/1.0.1555.2717/sql/icon.png","dataSources":["admin","churches","clients","coffinsandcaskets","event","eventservices","extraservices","funeral","guests","restinggrounds","payment"],"dependencies":[],"dependents":[],"parameterHints":{},"parameterHintsV2":{},"isOnPremiseConnection":false,"sharedConnectionId":"a34cde15-db48-4433-830b-13026e3a6d2f","bypassConsent":false,"dataSets":{"powerapps-dba.database.windows.net,powerapps":{"dataSources":{"admin":{"tableName":"[dbo].[admin]"},"churches":{"tableName":"[dbo].[churches]"},"clients":{"tableName":"[dbo].[clients]"},"coffinsandcaskets":{"tableName":"[dbo].[coffinsandcaskets]"},"event":{"tableName":"[dbo].[event]"},"eventservices":{"tableName":"[dbo].[eventservices]"},"extraservices":{"tableName":"[dbo].[extraservices]"},"funeral":{"tableName":"[dbo].[funeral]"},"guests":{"tableName":"[dbo].[guests]"},"restinggrounds":{"tableName":"[dbo].[restinggrounds]"},"payment":{"tableName":"[dbo].[payment]"}}}},"apiTier":"Premium","isCustomApiConnection":false,"authenticationType":"sqlAuthentication","actions":["providers/PowerPlatform.Governance/Operations/Read","providers/PowerPlatform.Governance/Operations/Write"],"endpoints":["powerapps-dba.database.windows.net,powerapps"]}},"databaseReferences":{"default.cds":{"databaseDetails":{"referenceType":"Environmental","environmentName":"default.cds","overrideValues":{"status":"NotSpecified"}},"dataSources":{"principalobjectaccess":{"entitySetName":"principalobjectaccessset","logicalName":"principalobjectaccess"}},"actions":["providers/PowerPlatform.Governance/Operations/Read"]}},"almMode":"Solution","performanceOptimizationEnabled":true,"executionRestrictions":{"isTeamsOnly":false,"dataLossPreventionEvaluationResult":{"status":"Compliant","lastEvaluationDate":"2022-03-26T00:39:35.1754367Z","violations":[],"violationsByPolicy":[],"violationErrorMessage":"The app uses the following connectors: shared_sql, shared_commondataservice."}}},"appType":"ClassicCanvasApp","appComponents":[]}}